experiment;learning_rate;batch_size;lookback;num_layers;seed;loss
00_GRU_trefor_park;0.003;64;96;2;;0.0294482755883963
00_LSTM_trefor_park;0.005;128;96;2;;0.0295996620133519
00_CNN_LSTM_trefor_park;0.003;128;96;2;;0.029670475150148
03_GRU_trefor_park;0.001;128;96;2;;0.0478368234247542
03_CNN_LSTM_trefor_park;0.001;128;96;1;;0.0418315031625425
03_LSTM_trefor_park;0.003;128;48;2;;0.0461786646181001
01_CNN_LSTM_Caltech;0.003;64;36;2;;0.0245240285488155
01_GRU_Caltech;0.005;32;96;1;;0.0262577059885693
01_LSTM_Caltech;0.005;32;48;2;;0.02603184894348184
