experiment;learning_rate;batch_size;lookback;num_layers;seed;loss
00_GRU_trefor_park;0.003;64;96;2;;0.0294482755883963
00_LSTM_trefor_park;0.005;128;96;2;;0.0295996620133519
00_CNN_LSTM_trefor_park;0.003;128;96;2;;0.029670475150148073
03_GRU_trefor_park;0.001;128;96;2;;0.0478368234247542
03_CNN_LSTM_trefor_park;0.001;128;96;1;;0.0418315031625425
03_LSTM_trefor_park;0.003;128;48;2;;0.04617866461810011
