experiment;learning_rate;batch_size;lookback;num_layers;seed;loss
00_GRU_trefor_park_0;0.003;64;96;2;3735928559;0.0288454925481493
00_GRU_trefor_park_1;0.003;64;96;2;12648430;0.0288589896018043
00_GRU_trefor_park_2;0.005;128;96;2;1337;0.0290024422854185
00_LSTM_trefor_park_0;0.003;64;96;2;1337;0.0286941911432553
00_LSTM_trefor_park_1;0.005;128;48;2;12648430;0.0291583334002643
00_LSTM_trefor_park_2;0.005;128;96;2;12648430;0.0293495954759418
00_CNN_LSTM_trefor_park_0;0.001;128;96;2;1337;0.0289934142678976
00_CNN_LSTM_trefor_park_1;0.003;128;96;2;1337;0.0293896387424319
00_CNN_LSTM_trefor_park_2;0.003;128;96;2;12648430;0.029454293251037596
